DATE;DLS_LAST;DLS_OPEN;DLS_MAX;DLS_MIN;DLS_VAR
01/07/2016;15.06;15.04;15.18;14.95;0.14
30/06/2016;15.0385;14.951;15.0585;14.9;0.51
29/06/2016;14.9615;14.89;14.9705;14.72;0.36
28/06/2016;14.908;15.275;15.323;14.85;-2.49
27/06/2016;15.289;14.912;15.304;14.89;2.46
24/06/2016;14.9225;14.386;14.948;14.386;3.74
23/06/2016;14.385;14.07;14.455;14.07;2.27
22/06/2016;14.066;13.937;14.08;13.937;0.8
21/06/2016;13.9545;13.9;13.9775;13.8;0.43
20/06/2016;13.895;13.891;13.896;13.89;-0.04
17/06/2016;13.901;13.89;13.901;13.89;-0.04
16/06/2016;13.906;13.725;13.925;13.7;1.22
15/06/2016;13.7385;13.733;13.8185;13.725;0.03
14/06/2016;13.735;13.77;13.81;13.73;-0.46
13/06/2016;13.7985;13.8;13.8185;13.75;-0.05
10/06/2016;13.805;13.77;13.84;13.77;-0.09
09/06/2016;13.818;13.872;13.893;13.76;-0.55
08/06/2016;13.894;13.817;13.917;13.75;0.5
07/06/2016;13.825;13.767;13.84;13.73;0.35
06/06/2016;13.777;13.886;13.896;13.7;-0.95
03/06/2016;13.9085;13.8975;13.9225;13.8475;0
02/06/2016;13.9085;13.935;13.9575;13.886;-0.43
01/06/2016;13.9685;13.972;14.02;13.91;-0.1
31/05/2016;13.9825;13.93;14.053;13.93;0.2
30/05/2016;13.955;13.915;13.955;13.9;0.36
27/05/2016;13.905;13.986;14.02;13.9;-0.71
26/05/2016;14.005;14.05;14.145;13.99;-0.28
25/05/2016;14.0445;14.03;14.0445;14.03;0.01
24/05/2016;14.0435;13.978;14.065;13.978;0.39
23/05/2016;13.9895;14.068;14.0795;13.95;-0.63
20/05/2016;14.078;14.081;14.12;14;-0.11
19/05/2016;14.093;14.13;14.147;14.08;-0.25
18/05/2016;14.1285;14.177;14.1895;14.095;-0.08
17/05/2016;14.14;14.15;14.17;14.1;-0.18
16/05/2016;14.166;14.15;14.231;14.1;0.09
13/05/2016;14.1538;14.191;14.2037;14.14;-0.01
12/05/2016;14.155;14.15;14.218;14.15;-0.32
11/05/2016;14.201;14.21;14.24;14.191;-0.18
10/05/2016;14.226;14.22;14.251;14.206;-0.01
09/05/2016;14.228;14.206;14.255;14.19;0.05
06/05/2016;14.221;14.25;14.275;14.18;-0.11
05/05/2016;14.2365;14.24;14.2765;14.21;-0.04
04/05/2016;14.2425;14.2;14.2425;14.165;0.31
03/05/2016;14.1985;14.166;14.2385;14.16;0.14
02/05/2016;14.179;14.28;14.313;14.1;-0.74
29/04/2016;14.285;14.25;14.305;14.15;-0.28
28/04/2016;14.325;14.19;14.325;14.15;0.87
27/04/2016;14.201;14.29;14.325;14.15;-0.82
26/04/2016;14.318;14.29;14.358;14.215;0.02
25/04/2016;14.315;14.293;14.385;14.25;-0.02
22/04/2016;14.318;14.25;14.575;14.25;0.31
21/04/2016;14.2735;14.307;14.4395;14.25;-0.54
20/04/2016;14.3505;14.163;14.3605;14.15;1.31
19/04/2016;14.165;14.12;14.2;14.01;0.21
18/04/2016;14.136;14.028;14.215;14;0.7
15/04/2016;14.0375;14.31;14.3195;13.9;-2
14/04/2016;14.3245;14.37;14.4125;14.25;-0.46
13/04/2016;14.3905;14.45;14.4705;14.25;-0.76
12/04/2016;14.5;14.505;14.6;14.4;-0.15
11/04/2016;14.5225;14.46;14.5325;14.42;0.4
08/04/2016;14.465;14.37;14.475;14.36;-0.07
07/04/2016;14.475;14.57;14.608;14.4;-0.89
06/04/2016;14.605;14.67;14.765;14.6;-0.54
05/04/2016;14.685;14.696;14.705;14.6;-0.24
04/04/2016;14.72;14.775;14.82;14.696;-0.46
01/04/2016;14.7885;14.65;14.8435;14.55;0.62
31/03/2016;14.6975;14.625;14.7185;14.55;0.62
30/03/2016;14.6075;14.625;14.6645;14.5;-0.21
29/03/2016;14.638;14.8;15.013;14.5;-1.2
28/03/2016;14.816;14.49;14.846;14.49;2.21
25/03/2016;14.495;14.49;14.495;14.49;-0.04
24/03/2016;14.5015;14.49;14.5015;14.49;0
23/03/2016;14.502;14.35;14.512;14.25;0.81
22/03/2016;14.385;14.46;14.47;14.1;-0.59
21/03/2016;14.4705;14.762;14.7745;14.4;-2.05
18/03/2016;14.774;14.7;14.872;14.68;-0.98
17/03/2016;14.9195;14.6;14.9315;14.505;2.15
16/03/2016;14.605;14.5;14.615;14.35;0.57
15/03/2016;14.5225;14.75;14.7725;14.5;-1.78
14/03/2016;14.786;14.836;14.931;14.5;-0.46
11/03/2016;14.854;15.33;15.358;14.8;-3.12
10/03/2016;15.332;15.347;15.3645;15.2;-0.21
09/03/2016;15.3645;15.35;15.3825;15.2;-0.54
08/03/2016;15.4485;15.38;15.4735;15.35;0.33
07/03/2016;15.397;15.188;15.437;15.15;1.3
04/03/2016;15.1995;15.15;15.2615;15.11;-0.12
03/03/2016;15.217;15.655;15.69;15;-2.8
02/03/2016;15.655;15.78;15.785;15.6;-0.85
01/03/2016;15.79;15.81;15.9575;15.71;-0.26
29/02/2016;15.8315;15.451;15.8465;15.451;2.38
26/02/2016;15.463;15.385;15.482;15.37;0.16
25/02/2016;15.438;15.345;15.449;15.25;0.59
24/02/2016;15.347;15.3229;15.387;15.2488;0.14
23/02/2016;15.325;15.2639;15.595;15.1599;0.37
22/02/2016;15.268;15.08;15.273;15.07;1.37
19/02/2016;15.0615;15.0199;15.0775;15;0.24
18/02/2016;15.025;14.92;15.15;14.92;0.7
17/02/2016;14.921;14.83;15.0046;14.83;0.8
16/02/2016;14.8019;14.8039;14.872;14.7725;-0.05
15/02/2016;14.8089;14.7805;14.822;14.75;0.16
12/02/2016;14.785;14.5659;14.7919;14.563;1.47
11/02/2016;14.5709;14.491;14.609;14.4525;0.52
10/02/2016;14.495;14.358;14.505;14.2649;0.94
09/02/2016;14.3605;14.352;14.3625;14.35;0.57
08/02/2016;14.279;14.3589;14.379;14.2739;-0.56
05/02/2016;14.36;14.1569;14.384;14.1339;1.41
04/02/2016;14.161;14.143;14.24;14.0929;0.11
03/02/2016;14.146;14.1145;14.1701;14.0509;0.21
02/02/2016;14.1159;14.099;14.169;14;0.1
01/02/2016;14.1019;13.8961;14.1726;13.8905;1.52
29/01/2016;13.891;13.827;13.9645;13.75;0.44
28/01/2016;13.83;13.8375;13.9055;13.7529;-0.07
27/01/2016;13.839;13.819;13.9226;13.7799;0.13
26/01/2016;13.8215;13.7555;13.8576;13.6789;0.48
25/01/2016;13.755;13.7001;13.8225;13.6469;0.39
22/01/2016;13.701;13.5099;13.74;13.45;1.37
21/01/2016;13.516;13.4229;13.608;13.35;0.68
20/01/2016;13.425;13.4689;13.49;13.38;-0.34
19/01/2016;13.471;13.5219;13.5765;13.381;-0.39
18/01/2016;13.5235;13.4211;13.5335;13.3715;0.76
15/01/2016;13.4221;13.2444;13.574;13.23;1.33
14/01/2016;13.2464;13.537;13.5573;13.2;-2.15
13/01/2016;13.5375;13.4841;13.6008;13.4738;0.38
12/01/2016;13.486;13.6939;13.7369;13.45;-1.54
11/01/2016;13.6965;13.8861;13.9215;13.65;-1.32
08/01/2016;13.88;13.8843;13.906;13.836;-0.06
07/01/2016;13.888;13.8455;14.009;13.78;0.29
06/01/2016;13.8476;13.6289;13.925;13.607;1.57
05/01/2016;13.6334;13.1849;13.8246;13.16;3.37
04/01/2016;13.1895;12.9199;13.196;12.8849;2.01
01/01/2016;12.9299;12.9329;12.9376;12.9259;-0.08
31/12/2015;12.9399;12.9559;13.004;12.9;-0.16
30/12/2015;12.9605;12.9339;13.013;12.9309;0.17
29/12/2015;12.938;12.955;13.057;12.8929;-0.15
28/12/2015;12.9569;13.2171;13.231;12.9499;-2
25/12/2015;13.2208;13.2299;13.2361;13.2149;-0.04
24/12/2015;13.2255;12.9693;13.2256;12.9629;1.95
23/12/2015;12.9719;12.9401;13.074;12.9;0.23
22/12/2015;12.942;12.792;13.062;12.7869;1.15
21/12/2015;12.7949;13.1259;13.207;12.71;-2.56
18/12/2015;13.1314;13.3039;13.5245;13.1269;-1.33
17/12/2015;13.3085;9.8119;13.902;9.7978;35.57
16/12/2015;9.8164;9.7801;9.829;9.771;0.36
15/12/2015;9.7816;9.7697;9.8095;9.7613;0.1
14/12/2015;9.7717;9.7668;9.7902;9.7519;0.04
11/12/2015;9.7678;9.7409;9.7748;9.7322;0.27
10/12/2015;9.7419;9.7278;9.7521;9.7156;0.11
09/12/2015;9.7311;9.6982;9.7413;9.6928;0.33
08/12/2015;9.6992;9.7026;9.7109;9.6811;-0.07
07/12/2015;9.7064;9.7176;9.7218;9.696;-0.09
04/12/2015;9.7152;9.7168;9.7483;9.6803;0.25
03/12/2015;9.6906;9.678;9.7224;9.678;0.1
02/12/2015;9.6805;9.6815;9.7133;9.6652;-0.03
01/12/2015;9.6835;9.7045;9.7145;9.6764;0.23
30/11/2015;9.6609;9.696;9.7114;9.6554;-0.39
27/11/2015;9.6985;9.6847;9.7009;9.6476;0.14
26/11/2015;9.6845;9.665;9.7023;9.6438;0.53
25/11/2015;9.6333;9.6589;9.6812;9.6297;-0.28
24/11/2015;9.6608;9.6436;9.6747;9.624;0.17
23/11/2015;9.6447;9.6397;9.6758;9.6362;0.04
20/11/2015;9.6413;9.6489;9.6702;9.6257;-0.1
19/11/2015;9.6509;9.6302;9.665;9.6201;0.2
18/11/2015;9.6321;9.6384;9.6513;9.6219;-0.09
17/11/2015;9.6406;9.6234;9.6453;9.615;0.16
16/11/2015;9.6251;9.6131;9.6673;9.6037;0.18
13/11/2015;9.6075;9.5978;9.626;9.595;0.08
12/11/2015;9.5997;9.5761;9.6188;9.5649;0.2
11/11/2015;9.5803;9.5801;9.6043;9.5671;-0.04
10/11/2015;9.5844;9.5773;9.5981;9.5633;0.05
09/11/2015;9.5794;9.4042;9.5912;9.3993;1.8
06/11/2015;9.4102;9.5532;9.5612;9.4059;-1.52
05/11/2015;9.5556;9.5316;9.5809;9.5177;0.21
04/11/2015;9.5358;9.5431;9.5739;9.5252;-0.1
03/11/2015;9.5449;9.5346;9.5656;9.5243;0.09
02/11/2015;9.5366;9.519;9.5545;9.4962;0.2
30/10/2015;9.518;9.519;9.5256;9.5048;0
29/10/2015;9.5182;9.5248;9.546;9.5141;-0.11
28/10/2015;9.5287;9.5128;9.5403;9.4737;0.13
27/10/2015;9.5161;9.5246;9.5336;9.5004;-0.11
26/10/2015;9.527;9.516;9.5337;9.4954;0.1
23/10/2015;9.5171;9.5101;9.5222;9.5017;0.02
22/10/2015;9.5153;9.5101;9.5182;9.4849;0.02
21/10/2015;9.5133;9.4668;9.5154;9.4535;0.48
20/10/2015;9.4677;9.49;9.5082;9.449;-0.28
19/10/2015;9.4941;9.4938;9.5043;9.4743;-0.11
16/10/2015;9.5042;9.481;9.5042;9.4673;0.2
15/10/2015;9.4852;9.4597;9.4874;9.4502;0.22
14/10/2015;9.4642;9.4717;9.4821;9.4602;-0.1
13/10/2015;9.474;9.3937;9.4771;9.3864;0.83
12/10/2015;9.3961;9.4455;9.4497;9.3911;-0.53
09/10/2015;9.4462;9.4039;9.4516;9.3257;0.4
08/10/2015;9.4083;9.4516;9.4556;9.3447;-0.48
07/10/2015;9.4538;9.4493;9.4571;9.4177;0
06/10/2015;9.4534;9.4406;9.5055;9.4174;0.11
05/10/2015;9.4426;9.4292;9.4465;9.4111;0.01
02/10/2015;9.4417;9.4222;9.4452;9.4157;0.15
01/10/2015;9.4275;9.4236;9.4302;9.4139;0.02
30/09/2015;9.4258;9.4223;9.4307;9.41;0.02
29/09/2015;9.424;9.4143;9.4261;9.3991;0.09
28/09/2015;9.4159;9.4093;9.425;9.393;0.04
25/09/2015;9.4121;9.3953;9.4121;9.3787;0.16
24/09/2015;9.3975;9.3945;9.4064;9.3819;0.03
23/09/2015;9.3948;9.3879;9.4014;9.3758;0.03
22/09/2015;9.3919;9.401;9.4057;9.3771;-0.11
21/09/2015;9.4025;9.3989;9.4166;9.3774;0.17
18/09/2015;9.3867;9.3771;9.3916;9.3658;0.09
17/09/2015;9.3786;9.3723;9.3806;9.3555;0.02
16/09/2015;9.377;9.3694;9.3796;9.3571;0.06
15/09/2015;9.3716;9.3565;9.374;9.3503;0.15
14/09/2015;9.3579;9.3489;9.3618;9.3419;0.08
11/09/2015;9.3501;9.3548;9.3671;9.3302;-0.08
10/09/2015;9.3579;9.3382;9.3605;9.33;0.17
09/09/2015;9.3423;9.3284;9.3504;9.3265;0.11
08/09/2015;9.3321;9.3071;9.3368;9.3028;0.24
07/09/2015;9.3095;9.3245;9.3368;9.2923;-0.28
04/09/2015;9.3353;9.3149;9.3377;9.2995;0.18
03/09/2015;9.3185;9.3042;9.3194;9.3018;0.1
02/09/2015;9.3091;9.3095;9.3124;9.2969;-0.04
01/09/2015;9.3126;9.2971;9.3126;9.2863;0.15
31/08/2015;9.2987;9.2935;9.3046;9.2797;0.08
28/08/2015;9.2911;9.2876;9.2941;9.2756;0.02
27/08/2015;9.2893;9.2797;9.2934;9.2747;0.07
26/08/2015;9.2829;9.2752;9.2904;9.2654;0.06
25/08/2015;9.2772;9.2683;9.2785;9.2597;0.07
24/08/2015;9.2703;9.2616;9.2779;9.245;0.12
21/08/2015;9.2589;9.2544;9.2644;9.2497;0.01
20/08/2015;9.2579;9.2654;9.2713;9.2416;-0.11
19/08/2015;9.2685;9.243;9.2702;9.2316;0.22
18/08/2015;9.2477;9.2656;9.271;9.2249;-0.19
17/08/2015;9.2655;9.2395;9.2702;9.2303;0.27
14/08/2015;9.2405;9.2339;9.2553;9.2301;0.04
13/08/2015;9.2367;9.2296;9.2413;9.2242;0.04
12/08/2015;9.2327;9.2226;9.2337;9.2156;0.08
11/08/2015;9.2256;9.2183;9.2284;9.2117;0.06
10/08/2015;9.2198;9.2331;9.2375;9.2055;-0.16
07/08/2015;9.2343;9.2096;9.2345;9.2019;0.24
06/08/2015;9.2125;9.2051;9.2163;9.1997;0.03
05/08/2015;9.2096;9.2019;9.2121;9.1915;0.07
04/08/2015;9.2035;9.2071;9.2103;9.1909;-0.06
03/08/2015;9.209;9.1964;9.2117;9.18;0.12
31/07/2015;9.1976;9.1968;9.2075;9.179;-0.02
30/07/2015;9.1993;9.1789;9.1993;9.1726;0.2
29/07/2015;9.1806;9.1665;9.1888;9.1611;0.11
28/07/2015;9.1703;9.1897;9.1941;9.1653;-0.24
27/07/2015;9.1921;9.1855;9.1959;9.16;0.11
24/07/2015;9.1821;9.1721;9.1824;9.1573;0.08
23/07/2015;9.1745;9.1653;9.1766;9.1525;0.07
22/07/2015;9.1681;9.1771;9.1796;9.1516;-0.12
21/07/2015;9.1787;9.162;9.1807;9.1333;0.14
20/07/2015;9.1662;9.1196;9.1662;9.1162;0.41
17/07/2015;9.1288;9.1288;9.1488;9.1116;-0.01
16/07/2015;9.13;9.129;9.143;9.1281;-0.01
15/07/2015;9.1305;9.1295;9.137;9.127;-0.01
14/07/2015;9.1315;9.1245;9.1335;9.123;0.07
13/07/2015;9.1255;9.1252;9.129;9.12;-0.11
10/07/2015;9.1351;9.1237;9.1366;9.1136;0.11
09/07/2015;9.1252;9.1112;9.1252;9.0835;0.09
08/07/2015;9.1174;9.1018;9.1226;9.0945;0.16
07/07/2015;9.1029;9.1157;9.1198;9.0833;-0.17
06/07/2015;9.1181;9.1009;9.1206;9.0899;0.21
03/07/2015;9.0992;9.1008;9.1109;9.0755;-0.06
02/07/2015;9.1049;9.0932;9.1079;9.0837;0.09
01/07/2015;9.0965;9.0984;9.1044;9.0817;-0.02
30/06/2015;9.0987;9.0821;9.0988;9.0754;0.12
29/06/2015;9.0874;9.0926;9.1014;9.0637;-0.02
26/06/2015;9.0896;9.087;9.0941;9.0595;0.02
25/06/2015;9.0877;9.07;9.09;9.0563;0.22
24/06/2015;9.068;9.058;9.07;9.0565;0.09
23/06/2015;9.0595;9.0587;9.066;9.055;-0.04
22/06/2015;9.0633;9.0948;9.0992;9.057;-0.5
19/06/2015;9.1089;9.0512;9.1124;9.0431;0.59
18/06/2015;9.0551;9.0702;9.081;9.0331;-0.21
17/06/2015;9.0739;9.0585;9.0739;9.0353;0.14
16/06/2015;9.061;9.035;9.063;9.0261;0.27
15/06/2015;9.037;9.039;9.053;9.0291;-0.04
12/06/2015;9.0407;9.0295;9.0483;9.0237;0.1
11/06/2015;9.0315;9.0292;9.0381;9.0219;-0.02
10/06/2015;9.0333;9.0265;9.0339;9.0149;0.06
09/06/2015;9.028;9.0264;9.032;9.0089;-0.01
08/06/2015;9.0292;9.0282;9.0556;9.0067;-0.04
05/06/2015;9.0324;9.0158;9.0329;9.0034;0.14
04/06/2015;9.0195;9.007;9.0202;8.9951;0.12
03/06/2015;9.0089;9.004;9.0148;8.9944;0.04
02/06/2015;9.0053;9.0095;9.0136;8.9862;-0.06
01/06/2015;9.0105;9.0014;9.0162;8.9867;0.08
29/05/2015;9.0035;8.9931;9.0037;8.9787;0.07
28/05/2015;8.9971;8.9787;8.9997;8.97;0.16
27/05/2015;8.9823;8.975;8.9874;8.9669;0.06
26/05/2015;8.9773;9.0044;9.017;8.95;-0.3
25/05/2015;9.0047;8.9928;9.0109;8.9619;0.18
22/05/2015;8.9886;8.9686;8.9913;8.961;0.18
21/05/2015;8.9721;8.9625;8.9758;8.955;0.08
20/05/2015;8.9652;8.9394;8.9681;8.9222;0.24
19/05/2015;8.9439;8.9489;8.9615;8.9391;-0.08
18/05/2015;8.9507;8.9523;8.9667;8.9402;-0.03
15/05/2015;8.9536;8.9449;8.9536;8.9331;0.05
14/05/2015;8.9495;8.9499;8.9677;8.9319;-0.02
13/05/2015;8.9516;8.9314;8.9536;8.9251;0.18
12/05/2015;8.9353;8.9389;8.9458;8.9257;-0.06
11/05/2015;8.9405;8.9358;8.9447;8.9188;0.07
08/05/2015;8.9341;8.919;8.9386;8.9093;0.09
07/05/2015;8.9261;8.9355;8.9421;8.9119;-0.15
06/05/2015;8.9394;8.9025;8.9394;8.9025;0.4
05/05/2015;8.9035;8.9125;8.916;8.9025;0
04/05/2015;8.9035;8.9175;8.9185;8.9025;-0.17
01/05/2015;8.9185;8.9175;8.9185;8.9165;-0.04
30/04/2015;8.9219;8.9019;8.9246;8.8928;0.2
29/04/2015;8.9037;8.9045;8.9108;8.8892;-0.03
28/04/2015;8.9066;8.9053;8.9155;8.8867;-0.02
27/04/2015;8.9084;8.9052;8.9124;8.8789;0.11
24/04/2015;8.8987;8.8973;8.9071;8.8776;-0.01
23/04/2015;8.8994;8.88;8.9019;8.8651;0.31
22/04/2015;8.872;8.8715;8.8785;8.871;-0.01
21/04/2015;8.873;8.8668;8.8735;8.865;0.06
20/04/2015;8.868;8.8641;8.871;8.8594;-0.12
17/04/2015;8.8784;8.8802;8.8844;8.8569;-0.04
16/04/2015;8.8819;8.8667;8.8843;8.8576;0.15
15/04/2015;8.8683;8.861;8.8709;8.851;0.06
14/04/2015;8.8629;8.8544;8.8677;8.8507;0.03
13/04/2015;8.8603;8.8428;8.8613;8.838;0.17
10/04/2015;8.8454;8.8396;8.8524;8.8322;0.03
09/04/2015;8.8425;8.8403;8.8493;8.8323;-0.03
08/04/2015;8.8455;8.8421;8.8515;8.8274;0.01
07/04/2015;8.8442;8.8343;8.8465;8.8264;0.1
06/04/2015;8.8355;8.8349;8.8366;8.8239;-0.02
03/04/2015;8.837;8.835;8.8376;8.8325;-0.03
02/04/2015;8.84;8.8214;8.8427;8.8101;0.16
01/04/2015;8.8261;8.8164;8.8318;8.8102;0.07
31/03/2015;8.8197;8.8105;8.8257;8.8057;0.06
30/03/2015;8.8142;8.8108;8.8217;8.805;0.01
27/03/2015;8.8131;8.8026;8.8131;8.7963;0.06
26/03/2015;8.8082;8.7984;8.8106;8.7901;0.09
25/03/2015;8.8005;8.7776;8.8068;8.7731;0.26
24/03/2015;8.778;8.7765;8.7922;8.7646;-0.03
23/03/2015;8.7806;8.7961;8.8003;8.7721;-0.2
20/03/2015;8.798;8.7888;8.8015;8.782;0.07
19/03/2015;8.7918;8.788;8.7993;8.7839;0
18/03/2015;8.7922;8.7855;8.7987;8.7719;0.06
17/03/2015;8.7869;8.7785;8.7895;8.7748;0.05
16/03/2015;8.7827;8.7838;8.8161;8.772;-0.03
13/03/2015;8.7853;8.7749;8.787;8.7699;0.09
12/03/2015;8.7778;8.7715;8.7843;8.7684;0.01
11/03/2015;8.7767;8.7694;8.7812;8.7638;0.07
10/03/2015;8.7707;8.7588;8.7728;8.7543;0.12
09/03/2015;8.7606;8.7544;8.768;8.7485;0.12
06/03/2015;8.7505;8.75;8.7585;8.7495;0.02
05/03/2015;8.7485;8.7425;8.751;8.74;0.06
04/03/2015;8.743;8.7375;8.7435;8.7345;0.06
03/03/2015;8.738;8.732;8.7385;8.73;0.06
02/03/2015;8.733;8.7185;8.7335;8.7185;0.13
27/02/2015;8.7215;8.72;8.7265;8.7185;-0.05
26/02/2015;8.7255;8.72;8.726;8.7175;0.09
25/02/2015;8.718;8.7145;8.722;8.7145;0.03
24/02/2015;8.7155;8.7125;8.716;8.71;0.14
23/02/2015;8.703;8.702;8.711;8.7;0
20/02/2015;8.703;8.695;8.7035;8.695;0.11
19/02/2015;8.6935;8.6895;8.696;8.6875;0.03
18/02/2015;8.691;8.68;8.691;8.68;0.12
17/02/2015;8.681;8.68;8.681;8.679;0
16/02/2015;8.681;8.6795;8.681;8.6795;0.01
13/02/2015;8.6805;8.68;8.686;8.675;0.09
12/02/2015;8.6725;8.67;8.681;8.6675;0.05
11/02/2015;8.6685;8.664;8.6785;8.664;0.04
10/02/2015;8.665;8.665;8.671;8.6625;-0.02
09/02/2015;8.6665;8.6575;8.6665;8.655;0.07
06/02/2015;8.6605;8.6505;8.661;8.65;0.09
05/02/2015;8.653;8.6625;8.6645;8.65;0.03
04/02/2015;8.6505;8.65;8.6635;8.6495;-0.01
03/02/2015;8.651;8.65;8.661;8.649;0.01
02/02/2015;8.6505;8.632;8.656;8.632;0.2
30/01/2015;8.633;8.6325;8.6435;8.632;0.02
29/01/2015;8.631;8.6292;8.636;8.6292;0
28/01/2015;8.631;8.6275;8.6335;8.6275;0.03
27/01/2015;8.6285;8.625;8.6335;8.625;0.01
26/01/2015;8.628;8.6225;8.631;8.62;0.1
23/01/2015;8.6193;8.62;8.6333;8.611;-0.01
22/01/2015;8.6205;8.611;8.621;8.61;0.09
21/01/2015;8.6125;8.6075;8.6165;8.6075;0.01
20/01/2015;8.6113;8.6025;8.6113;8.6025;0.07
19/01/2015;8.605;8.5995;8.605;8.597;0.05
16/01/2015;8.6005;8.595;8.601;8.5945;0.05
15/01/2015;8.596;8.595;8.601;8.5925;0.06
14/01/2015;8.591;8.5925;8.596;8.5875;0.01
13/01/2015;8.5905;8.589;8.5935;8.589;0.01
12/01/2015;8.59;8.5885;8.601;8.5885;0.01
09/01/2015;8.5895;8.59;8.5935;8.5875;0.01
08/01/2015;8.5885;8.5825;8.591;8.5825;0.18
07/01/2015;8.573;8.5725;8.586;8.572;0.29
06/01/2015;8.548;8.547;8.5485;8.546;-0.04
05/01/2015;8.5515;8.555;8.5665;8.5475;-0.05
02/01/2015;8.5555;8.55;8.556;8.5495;0.06
01/01/2015;8.5505;8.5402;8.5505;8.5402;0
31/12/2014;8.5505;8.5402;8.5505;8.5402;0
30/12/2014;8.5505;8.55;8.5628;8.5402;-0.04
29/12/2014;8.5535;8.5497;8.5535;8.549;0.03
26/12/2014;8.5507;8.5498;8.5508;8.5495;0
25/12/2014;8.5508;8.5498;8.5508;8.5498;0
24/12/2014;8.5508;8.55;8.5585;8.5495;0
23/12/2014;8.5505;8.5495;8.5535;8.5485;0
22/12/2014;8.5505;8.55;8.5535;8.549;0
19/12/2014;8.5505;8.55;8.5535;8.5495;-0.01
18/12/2014;8.551;8.5525;8.5585;8.548;0
17/12/2014;8.551;8.55;8.5535;8.5495;0.01
16/12/2014;8.5505;8.5495;8.5535;8.549;0
15/12/2014;8.5505;8.552;8.5535;8.5495;-0.04
12/12/2014;8.5535;8.552;8.5535;8.55;0
11/12/2014;8.5535;8.5492;8.5535;8.5475;0.04
10/12/2014;8.5505;8.5525;8.556;8.5475;-0.03
09/12/2014;8.553;8.545;8.5585;8.5422;0.09
08/12/2014;8.545;8.542;8.545;8.541;0.02
05/12/2014;8.543;8.5475;8.5585;8.542;-0.06
04/12/2014;8.5485;8.54;8.5485;8.54;0.06
03/12/2014;8.5435;8.532;8.5435;8.53;0.12
02/12/2014;8.533;8.53;8.5385;8.5275;0.02
01/12/2014;8.5312;8.527;8.5312;8.522;0.04
28/11/2014;8.528;8.52;8.5285;8.52;0.08
27/11/2014;8.5208;8.52;8.521;8.5198;-0.01
26/11/2014;8.522;8.517;8.527;8.517;0.05
25/11/2014;8.518;8.515;8.521;8.515;0.03
24/11/2014;8.5155;8.5145;8.516;8.5145;0
21/11/2014;8.5155;8.5125;8.516;8.5125;0
20/11/2014;8.5155;8.515;8.516;8.5125;0
19/11/2014;8.5155;8.515;8.516;8.5125;0.04
18/11/2014;8.5125;8.51;8.516;8.51;0.02
17/11/2014;8.5105;8.5085;8.511;8.5085;0.01
14/11/2014;8.5095;8.5075;8.512;8.5075;0.02
13/11/2014;8.508;8.5105;8.5115;8.507;-0.04
12/11/2014;8.5115;8.507;8.512;8.505;0.04
11/11/2014;8.508;8.507;8.5085;8.505;-0.01
10/11/2014;8.5085;8.5085;8.5135;8.505;-0.01
07/11/2014;8.5095;8.5045;8.511;8.5045;0.05
06/11/2014;8.5055;8.5045;8.5055;8.502;0
05/11/2014;8.5055;8.507;8.509;8.5045;0
04/11/2014;8.5055;8.505;8.511;8.5045;-0.03
03/11/2014;8.508;8.502;8.51;8.5;0.06
31/10/2014;8.503;8.5025;8.5035;8.497;0.03
30/10/2014;8.5005;8.5;8.5035;8.4995;0
29/10/2014;8.5005;8.4995;8.504;8.496;-0.01
28/10/2014;8.501;8.4915;8.502;8.4915;0.09
27/10/2014;8.493;8.4845;8.5;8.4845;0.09
24/10/2014;8.4855;8.4845;8.496;8.4845;0
23/10/2014;8.4855;8.4895;8.492;8.475;-0.06
22/10/2014;8.4905;8.489;8.494;8.485;0
21/10/2014;8.4905;8.4725;8.5;8.4725;0.2
20/10/2014;8.4735;8.4725;8.489;8.4725;0
17/10/2014;8.4735;8.475;8.4785;8.46;-0.04
16/10/2014;8.4765;8.4725;8.478;8.47;0.04
15/10/2014;8.4735;8.47;8.477;8.47;0.02
14/10/2014;8.4715;8.474;8.477;8.465;-0.05
13/10/2014;8.4755;8.4755;8.4765;8.47;-0.01
10/10/2014;8.4765;8.4695;8.481;8.46;0.07
09/10/2014;8.4705;8.4575;8.48;8.4575;0.14
08/10/2014;8.4585;8.455;8.471;8.45;0.05
07/10/2014;8.4545;8.4695;8.4715;8.452;-0.19
06/10/2014;8.4705;8.4445;8.476;8.4445;0.3
03/10/2014;8.4455;8.4395;8.4735;8.4395;0.06
02/10/2014;8.4405;8.449;8.459;8.436;-0.12
01/10/2014;8.4505;8.4295;8.453;8.4175;0.2
30/09/2014;8.4335;8.4775;8.4835;8.4175;-0.56
29/09/2014;8.481;8.4485;8.4855;8.44;0.37
26/09/2014;8.4495;8.4185;8.451;8.41;0.34
25/09/2014;8.421;8.4095;8.4295;8.3995;0.01
24/09/2014;8.42;8.4245;8.44;8.41;-0.07
23/09/2014;8.426;8.4255;8.441;8.42;-0.02
22/09/2014;8.428;8.4195;8.436;8.415;0.09
19/09/2014;8.4205;8.3995;8.432;8.3995;0.24
18/09/2014;8.4005;8.403;8.436;8.398;-0.01
17/09/2014;8.401;8.403;8.416;8.39;0
16/09/2014;8.4012;8.4005;8.4038;8.395;-0.01
15/09/2014;8.4017;8.4;8.4113;8.398;0.01
12/09/2014;8.401;8.4;8.4035;8.39;0.01
11/09/2014;8.4005;8.4;8.4085;8.39;0
10/09/2014;8.4005;8.4025;8.4085;8.3995;-0.03
09/09/2014;8.4027;8.403;8.4098;8.395;-0.03
08/09/2014;8.405;8.4145;8.426;8.4;-0.12
05/09/2014;8.4155;8.4005;8.421;8.39;0.17
04/09/2014;8.4015;8.4145;8.4155;8.38;-0.17
03/09/2014;8.4155;8.3995;8.417;8.3995;0.18
02/09/2014;8.4005;8.4;8.416;8.3995;-0.03
01/09/2014;8.403;8.391;8.406;8.391;0.02
29/08/2014;8.4013;8.4;8.411;8.4;0
28/08/2014;8.4015;8.4005;8.4085;8.4;-0.05
27/08/2014;8.4055;8.3908;8.4115;8.3908;0.16
26/08/2014;8.3917;8.3908;8.416;8.3907;0
25/08/2014;8.392;8.3915;8.421;8.391;-0.01
22/08/2014;8.3925;8.392;8.411;8.39;-0.02
21/08/2014;8.3938;8.3195;8.3953;8.3195;0.86
20/08/2014;8.3225;8.2815;8.325;8.2815;0.48
19/08/2014;8.283;8.274;8.2885;8.2738;0.09
18/08/2014;8.2752;8.2743;8.2753;8.2742;0
15/08/2014;8.2753;8.2743;8.281;8.2743;0
14/08/2014;8.2755;8.2695;8.2785;8.2695;0.06
13/08/2014;8.2705;8.2627;8.2735;8.2627;0.08
12/08/2014;8.2638;8.2628;8.271;8.2625;0
11/08/2014;8.2638;8.2628;8.2735;8.2628;-0.03
08/08/2014;8.2664;8.2628;8.2746;8.2628;0.03
07/08/2014;8.264;8.263;8.2735;8.2625;-0.03
06/08/2014;8.2662;8.2605;8.2727;8.2605;0.04
05/08/2014;8.2625;8.2595;8.274;8.255;0.01
04/08/2014;8.2613;8.2332;8.2613;8.2332;0.31
01/08/2014;8.2358;8.212;8.2415;8.2105;0.27
31/07/2014;8.2138;8.1842;8.2183;8.1842;0.35
30/07/2014;8.1855;8.184;8.204;8.184;0
29/07/2014;8.1855;8.1667;8.192;8.1667;0.11
28/07/2014;8.1769;8.167;8.1951;8.1668;0.11
25/07/2014;8.168;8.167;8.179;8.167;0
24/07/2014;8.168;8.167;8.177;8.167;-0.01
23/07/2014;8.1685;8.1675;8.171;8.1645;-0.01
22/07/2014;8.1695;8.16;8.172;8.159;0.08
21/07/2014;8.1632;8.1463;8.165;8.146;0.2
18/07/2014;8.1473;8.1463;8.161;8.1463;0
17/07/2014;8.1475;8.1465;8.161;8.144;0
16/07/2014;8.1478;8.1468;8.1585;8.145;0
15/07/2014;8.148;8.147;8.1585;8.147;0
14/07/2014;8.148;8.15;8.1585;8.147;-0.05
11/07/2014;8.152;8.1395;8.155;8.1395;0.14
10/07/2014;8.1405;8.1395;8.147;8.1395;0
09/07/2014;8.1405;8.1395;8.1405;8.137;0
08/07/2014;8.1405;8.14;8.1485;8.1365;0.02
07/07/2014;8.1385;8.1375;8.146;8.135;0
04/07/2014;8.1387;8.1375;8.1393;8.1375;-0.01
03/07/2014;8.1395;8.137;8.144;8.1345;0.02
02/07/2014;8.138;8.13;8.14;8.13;0.08
01/07/2014;8.1312;8.1302;8.136;8.129;0
30/06/2014;8.1315;8.1308;8.135;8.13;0
27/06/2014;8.1318;8.1295;8.133;8.1295;0.02
26/06/2014;8.1305;8.1322;8.1332;8.1295;-0.03
25/06/2014;8.1332;8.1322;8.136;8.13;0
24/06/2014;8.1332;8.1322;8.136;8.1295;0
23/06/2014;8.1332;8.1295;8.136;8.1275;0.03
20/06/2014;8.1305;8.1295;8.1305;8.1295;0
19/06/2014;8.1305;8.1268;8.1385;8.1268;0.03
18/06/2014;8.128;8.1265;8.136;8.126;0
17/06/2014;8.128;8.1255;8.131;8.1255;-0.03
16/06/2014;8.1305;8.129;8.1445;8.126;0
13/06/2014;8.1307;8.126;8.1387;8.126;0.04
12/06/2014;8.1275;8.1265;8.133;8.1265;-0.01
11/06/2014;8.128;8.13;8.1385;8.126;-0.02
10/06/2014;8.1295;8.129;8.1335;8.126;0.02
09/06/2014;8.128;8.142;8.143;8.125;-0.18
06/06/2014;8.143;8.1195;8.146;8.1195;0.28
05/06/2014;8.1205;8.1075;8.13;8.105;0.17
04/06/2014;8.1065;8.0915;8.114;8.09;0.17
03/06/2014;8.093;8.079;8.095;8.079;0.15
02/06/2014;8.0805;8.075;8.085;8.075;0.02
30/05/2014;8.0785;8.075;8.0825;8.0728;0.05
29/05/2014;8.0742;8.072;8.078;8.072;0
28/05/2014;8.0745;8.0615;8.077;8.06;0.14
27/05/2014;8.063;8.0622;8.072;8.062;0
26/05/2014;8.0633;8.0597;8.065;8.0597;0.03
23/05/2014;8.0605;8.0597;8.066;8.0595;0
22/05/2014;8.0608;8.0575;8.065;8.0575;0.02
21/05/2014;8.0595;8.0585;8.065;8.058;0
20/05/2014;8.0598;8.0645;8.0655;8.054;-0.07
19/05/2014;8.0655;8.0595;8.0735;8.055;0.06
16/05/2014;8.0605;8.055;8.071;8.051;0.04
15/05/2014;8.0575;8.0195;8.066;8.0195;0.46
14/05/2014;8.0207;8.0197;8.036;8.01;0
13/05/2014;8.0208;8.01;8.0235;8.01;0.1
12/05/2014;8.0125;8;8.0125;8;0.13
09/05/2014;8.002;8.0025;8.008;7.9995;0.02
08/05/2014;8.0005;7.9995;8.002;7.9995;0
07/05/2014;8.0007;7.9997;8.0035;7.9997;-0.02
06/05/2014;8.002;7.9997;8.0045;7.999;0.01
05/05/2014;8.0012;7.9993;8.0038;7.9993;0.01
02/05/2014;8.0005;7.9995;8.0005;7.998;0
01/05/2014;8.0007;7.9997;8.0007;7.998;0
30/04/2014;8.0008;7.9997;8.0035;7.999;0
29/04/2014;8.0008;8.0025;8.0035;7.998;0
28/04/2014;8.0008;7.9997;8.0035;7.999;0
25/04/2014;8.0008;8;8.001;7.9975;0
24/04/2014;8.0008;8.0025;8.0035;7.9997;0
23/04/2014;8.0008;8;8.001;7.999;0
22/04/2014;8.0008;8.0025;8.0035;7.9985;-0.03
21/04/2014;8.0032;8.0025;8.0035;8;0.03
18/04/2014;8.0008;7.9998;8.0008;7.9995;0
17/04/2014;8.0008;7.9998;8.001;7.999;0
16/04/2014;8.0008;8;8.001;7.998;0
15/04/2014;8.0008;7.9997;8.0035;7.9985;0
14/04/2014;8.0008;8;8.0035;7.998;0.01
11/04/2014;8.0003;7.9995;8.0035;7.99;0
10/04/2014;8.0007;8;8.002;7.998;0
09/04/2014;8.0008;7.9997;8.002;7.999;0
08/04/2014;8.0008;7.998;8.001;7.9975;0.01
07/04/2014;8.0002;8.0015;8.0038;7.996;-0.03
04/04/2014;8.003;8.002;8.003;7.995;0
03/04/2014;8.0032;7.9968;8.0035;7.994;0.07
02/04/2014;7.998;7.9972;7.9982;7.997;-0.04
01/04/2014;8.0013;7.9998;8.0113;7.99;0
31/03/2014;8.001;8.0022;8.011;8;-0.03
28/03/2014;8.0032;8.0035;8.0045;7.998;-0.02
27/03/2014;8.0045;8.0012;8.009;8;0.03
26/03/2014;8.0025;8.0042;8.021;7.99;-0.04
25/03/2014;8.0055;7.9645;8.008;7.9645;0.5
24/03/2014;7.9655;7.9647;7.966;7.962;0
21/03/2014;7.9658;7.9495;7.978;7.9495;0.19
20/03/2014;7.9507;7.9497;7.964;7.9497;0
19/03/2014;7.9508;7.9447;7.953;7.92;0.06
18/03/2014;7.9458;7.9148;7.956;7.9148;0.36
17/03/2014;7.9175;7.8922;7.925;7.89;0.31
14/03/2014;7.8932;7.877;7.9;7.8745;0.22
13/03/2014;7.8758;7.8768;7.891;7.87;-0.02
12/03/2014;7.8773;7.8608;7.8773;7.86;0.17
11/03/2014;7.864;7.8595;7.8705;7.855;0.04
10/03/2014;7.8608;7.86;7.872;7.855;-0.01
07/03/2014;7.8615;7.8833;7.8848;7.85;-0.29
06/03/2014;7.8845;7.8835;7.896;7.864;0
05/03/2014;7.8848;7.8838;7.891;7.876;0
04/03/2014;7.885;7.884;7.885;7.882;0
03/03/2014;7.8852;7.8845;7.8855;7.87;0
28/02/2014;7.8855;7.88;7.886;7.87;0
27/02/2014;7.8855;7.885;7.8935;7.87;0.11
26/02/2014;7.877;7.865;7.886;7.86;0.11
25/02/2014;7.868;7.85;7.872;7.84;0.18
24/02/2014;7.8535;7.8422;7.8785;7.8;0.13
21/02/2014;7.8432;7.815;7.8435;7.815;0.35
20/02/2014;7.8155;7.78;7.816;7.7797;0.45
19/02/2014;7.7808;7.7675;7.782;7.7645;0.26
18/02/2014;7.7605;7.757;7.7685;7.745;0.03
17/02/2014;7.7582;7.809;7.81;7.7572;-0.66
14/02/2014;7.81;7.809;7.81;7.785;0
13/02/2014;7.8103;7.8095;7.811;7.79;-0.01
12/02/2014;7.8108;7.81;7.816;7.799;-0.12
11/02/2014;7.8205;7.8075;7.8235;7.8;0.1
10/02/2014;7.8125;7.84;7.845;7.79;-0.37
07/02/2014;7.8413;7.8765;7.8778;7.82;-0.47
06/02/2014;7.878;7.895;7.901;7.87;-0.22
05/02/2014;7.8955;8.005;8.0065;7.87;-1.4
04/02/2014;8.008;8;8.0085;7.99;-0.06
03/02/2014;8.0132;8.0177;8.041;8;-0.07
31/01/2014;8.0188;8.005;8.021;7.99;0.17
30/01/2014;8.0055;8.0002;8.026;7.995;0.03
29/01/2014;8.003;8.02;8.0325;8;-0.16
28/01/2014;8.0157;7.9897;8.031;7.9897;0.31
27/01/2014;7.9908;7.995;8.011;7.9898;0
24/01/2014;7.9908;7.9;8.131;7.9;1.14
23/01/2014;7.901;7.14;8.101;7.14;13.97
22/01/2014;6.9325;6.8875;6.9325;6.8875;0.7
21/01/2014;6.8845;6.8275;6.901;6.8275;0.86
20/01/2014;6.8255;6.795;6.826;6.795;0.44
17/01/2014;6.7955;6.77;6.816;6.77;0.33
16/01/2014;6.773;6.7068;6.7785;6.7068;0.97
15/01/2014;6.708;6.707;6.711;6.707;0
14/01/2014;6.7082;6.6928;6.711;6.6928;0.21
13/01/2014;6.694;6.657;6.6979;6.657;0.53
10/01/2014;6.6587;6.625;6.6632;6.625;0.5
09/01/2014;6.6255;6.6035;6.63;6.6035;0.31
08/01/2014;6.6048;6.6;6.605;6.5973;0.09
07/01/2014;6.599;6.594;6.6009;6.5925;0.09
06/01/2014;6.5932;6.554;6.597;6.554;0.58
03/01/2014;6.5555;6.5439;6.561;6.5439;0.16
02/01/2014;6.5448;6.5199;6.5485;6.5199;0.41
01/01/2014;6.518;6.517;6.518;6.517;0
31/12/2013;6.518;6.517;6.5185;6.517;-0.01
30/12/2013;6.5187;6.4895;6.5291;6.4895;0.43
27/12/2013;6.4905;6.4725;6.496;6.47;0.29
26/12/2013;6.4715;6.4399;6.4809;6.4399;0.48
25/12/2013;6.4405;6.4395;6.4405;6.4395;0
24/12/2013;6.4405;6.4395;6.441;6.4395;-0.01
23/12/2013;6.4413;6.4239;6.4452;6.4239;0.28
20/12/2013;6.4235;6.397;6.43;6.397;0.42
19/12/2013;6.3965;6.376;6.4025;6.3759;0.33
18/12/2013;6.3755;6.3319;6.379;6.331;0.71
17/12/2013;6.3308;6.314;6.334;6.3139;0.28
16/12/2013;6.313;6.2889;6.315;6.2889;0.37
13/12/2013;6.2895;6.28;6.2915;6.2769;0.19
12/12/2013;6.2778;6.2769;6.282;6.275;0.04
11/12/2013;6.2755;6.2675;6.2789;6.265;0.2
10/12/2013;6.2632;6.2472;6.265;6.2472;0.24
09/12/2013;6.2482;6.2409;6.2509;6.2375;0.12
06/12/2013;6.2405;6.225;6.2489;6.225;0.28
05/12/2013;6.2232;6.2;6.2269;6.2;0.43
04/12/2013;6.1965;6.1959;6.2009;6.194;0.29
03/12/2013;6.1787;6.1569;6.1822;6.1569;0.38
02/12/2013;6.1555;6.1389;6.159;6.1389;0.24
29/11/2013;6.1405;6.1325;6.1426;6.1275;0.29
28/11/2013;6.1225;6.115;6.1225;6.115;0.24
27/11/2013;6.108;6.0949;6.1109;6.0949;0.23
26/11/2013;6.0938;6.0795;6.0972;6.0795;0.22
25/11/2013;6.0805;6.0797;6.081;6.0795;0
22/11/2013;6.0808;6.06;6.084;6.057;0.37
21/11/2013;6.0582;6.05;6.061;6.0495;0.23
20/11/2013;6.0445;6.0375;6.0535;6.0375;0.15
19/11/2013;6.0355;6.0025;6.041;6.0022;0.57
18/11/2013;6.0015;5.9939;6.0035;5.9939;0.11
15/11/2013;5.9948;5.9869;5.995;5.9869;0.1
14/11/2013;5.9888;5.9759;5.991;5.9759;0.22
13/11/2013;5.9758;5.9725;5.978;5.9725;0.08
12/11/2013;5.9708;5.971;5.975;5.9689;-0.01
11/11/2013;5.9712;5.9675;5.9712;5.9675;0.12
08/11/2013;5.9638;5.9419;5.9662;5.9419;0.35
07/11/2013;5.943;5.9549;5.956;5.92;-0.18
06/11/2013;5.9535;5.9525;5.955;5.952;0
05/11/2013;5.9535;5.945;5.9585;5.942;0.19
04/11/2013;5.9425;5.9325;5.9439;5.931;0.2
01/11/2013;5.9305;5.915;5.931;5.9119;0.38
31/10/2013;5.9082;5.9049;5.9129;5.9049;0.05
30/10/2013;5.9055;5.8929;5.9089;5.8929;0.25
29/10/2013;5.8908;5.8899;5.8949;5.8878;0.01
28/10/2013;5.89;5.8829;5.8945;5.8829;0.12
25/10/2013;5.883;5.8672;5.886;5.8672;0.24
24/10/2013;5.8688;5.865;5.8712;5.8625;0.09
23/10/2013;5.8637;5.86;5.8651;5.86;0.22
22/10/2013;5.8508;5.8498;5.8508;5.8498;0
21/10/2013;5.8508;5.8499;5.8539;5.8498;0
18/10/2013;5.8508;5.8499;5.854;5.8498;0.01
17/10/2013;5.8505;5.8425;5.8515;5.8398;0.17
16/10/2013;5.8408;5.84;5.8429;5.8375;0.04
15/10/2013;5.8386;5.835;5.841;5.8315;0.1
14/10/2013;5.8325;5.8319;5.8329;5.8315;0.03
11/10/2013;5.8308;5.8289;5.834;5.8288;0.04
10/10/2013;5.8282;5.8225;5.8309;5.8219;0.12
09/10/2013;5.821;5.8199;5.8239;5.8189;0
08/10/2013;5.8208;5.8199;5.823;5.8172;0.04
07/10/2013;5.8183;5.8119;5.821;5.811;0.09
04/10/2013;5.813;5.8129;5.816;5.8099;0
03/10/2013;5.813;5.805;5.8148;5.802;0.25
02/10/2013;5.7985;5.7989;5.804;5.7975;0
01/10/2013;5.7985;5.7899;5.801;5.7897;0.13
30/09/2013;5.7908;5.7875;5.793;5.7849;-0.03
27/09/2013;5.7926;5.7797;5.7927;5.7797;0.2
26/09/2013;5.7808;5.7725;5.785;5.77;0.17
25/09/2013;5.771;5.77;5.772;5.77;-0.04
24/09/2013;5.7732;5.7725;5.7735;5.7675;0.04
23/09/2013;5.7708;5.76;5.775;5.7598;0.22
20/09/2013;5.7582;5.757;5.761;5.757;0.03
19/09/2013;5.7562;5.7498;5.7613;5.7498;0.09
18/09/2013;5.7513;5.7425;5.7532;5.7398;0.18
17/09/2013;5.7412;5.7325;5.7432;5.7298;0.17
16/09/2013;5.7313;5.73;5.7332;5.7248;0.09
13/09/2013;5.7263;5.719;5.7283;5.7189;0.1
12/09/2013;5.7208;5.7199;5.721;5.7169;0
11/09/2013;5.7208;5.7095;5.722;5.7095;0.18
10/09/2013;5.7108;5.7029;5.713;5.702;0.13
09/09/2013;5.7032;5.6999;5.7059;5.6997;0.06
06/09/2013;5.6998;5.6989;5.705;5.6988;0
05/09/2013;5.7;5.6999;5.7086;5.6989;-0.02
04/09/2013;5.7012;5.6909;5.7031;5.69;0.18
03/09/2013;5.6908;5.6709;5.6939;5.6709;0.3
02/09/2013;5.6735;5.6709;5.6735;5.6709;0.04
