DATE;WAGE;WAGE_VAR
01/09/2013;136.58;
02/09/2013;136.68;0.000732172
03/09/2013;136.79;0.0008048
04/09/2013;136.89;0.000731048
05/09/2013;137;0.000803565
06/09/2013;137.11;0.00080292
07/09/2013;137.21;0.000729341
08/09/2013;137.32;0.000801691
09/09/2013;137.43;0.000801049
10/09/2013;137.53;0.000727643
11/09/2013;137.64;0.000799825
12/09/2013;137.75;0.000799186
13/09/2013;137.85;0.000725953
14/09/2013;137.96;0.000797969
15/09/2013;138.07;0.000797333
16/09/2013;138.17;0.00072427
17/09/2013;138.28;0.000796121
18/09/2013;138.39;0.000795487
19/09/2013;138.49;0.000722596
20/09/2013;138.6;0.000794281
21/09/2013;138.71;0.000793651
22/09/2013;138.82;0.000793021
23/09/2013;138.92;0.000720357
24/09/2013;139.03;0.000791823
25/09/2013;139.14;0.000791196
26/09/2013;139.25;0.000790571
27/09/2013;139.36;0.000789946
28/09/2013;139.46;0.000717566
29/09/2013;139.57;0.000788757
30/09/2013;139.68;0.000788135
01/10/2013;139.74;0.000429553
02/10/2013;139.8;0.000429369
03/10/2013;139.86;0.000429185
04/10/2013;139.92;0.000429
05/10/2013;139.98;0.000428816
06/10/2013;140.03;0.000357194
07/10/2013;140.09;0.00042848
08/10/2013;140.15;0.000428296
09/10/2013;140.21;0.000428113
10/10/2013;140.27;0.00042793
11/10/2013;140.33;0.000427746
12/10/2013;140.39;0.000427564
13/10/2013;140.45;0.000427381
14/10/2013;140.51;0.000427198
15/10/2013;140.57;0.000427016
16/10/2013;140.63;0.000426834
17/10/2013;140.69;0.000426651
18/10/2013;140.75;0.00042647
19/10/2013;140.81;0.000426288
20/10/2013;140.86;0.000355088
21/10/2013;140.92;0.000425955
22/10/2013;140.98;0.000425773
23/10/2013;141.04;0.000425592
24/10/2013;141.1;0.000425411
25/10/2013;141.16;0.00042523
26/10/2013;141.22;0.00042505
27/10/2013;141.28;0.000424869
28/10/2013;141.34;0.000424689
29/10/2013;141.4;0.000424508
30/10/2013;141.46;0.000424328
31/10/2013;141.52;0.000424148
01/11/2013;141.63;0.000777275
02/11/2013;141.74;0.000776672
03/11/2013;141.86;0.000846621
04/11/2013;141.97;0.000775412
05/11/2013;142.08;0.000774812
06/11/2013;142.19;0.000774212
07/11/2013;142.3;0.000773613
08/11/2013;142.42;0.000843289
09/11/2013;142.53;0.000772363
10/11/2013;142.64;0.000771767
11/11/2013;142.75;0.000771172
12/11/2013;142.87;0.00084063
13/11/2013;142.98;0.000769931
14/11/2013;143.09;0.000769338
15/11/2013;143.2;0.000768747
16/11/2013;143.32;0.000837989
17/11/2013;143.43;0.000767513
18/11/2013;143.54;0.000766925
19/11/2013;143.66;0.000836004
20/11/2013;143.77;0.000765697
21/11/2013;143.88;0.000765111
22/11/2013;144;0.000834028
23/11/2013;144.11;0.000763889
24/11/2013;144.23;0.000832697
25/11/2013;144.34;0.000762671
26/11/2013;144.45;0.00076209
27/11/2013;144.57;0.000830737
28/11/2013;144.68;0.000760877
29/11/2013;144.8;0.000829417
30/11/2013;144.91;0.000759669
01/12/2013;144.97;0.00041405
02/12/2013;145.02;0.000344899
03/12/2013;145.08;0.000413736
04/12/2013;145.13;0.000344637
05/12/2013;145.19;0.000413422
06/12/2013;145.24;0.000344376
07/12/2013;145.3;0.000413109
08/12/2013;145.35;0.000344116
09/12/2013;145.41;0.000412797
10/12/2013;145.46;0.000343855
11/12/2013;145.52;0.000412485
12/12/2013;145.57;0.000343595
13/12/2013;145.63;0.000412173
14/12/2013;145.68;0.000343336
15/12/2013;145.74;0.000411862
16/12/2013;145.8;0.000411692
17/12/2013;145.85;0.000342936
18/12/2013;145.91;0.000411382
19/12/2013;145.96;0.000342677
20/12/2013;146.02;0.000411072
21/12/2013;146.07;0.000342419
22/12/2013;146.13;0.000410762
23/12/2013;146.18;0.000342161
24/12/2013;146.24;0.000410453
25/12/2013;146.3;0.000410284
26/12/2013;146.35;0.000341763
27/12/2013;146.41;0.000409976
28/12/2013;146.46;0.000341507
29/12/2013;146.52;0.000409668
30/12/2013;146.57;0.00034125
31/12/2013;146.63;0.000409361
01/01/2014;146.71;0.000545591
02/01/2014;146.79;0.000545293
03/01/2014;146.87;0.000544996
04/01/2014;146.96;0.000612787
05/01/2014;147.04;0.000544366
06/01/2014;147.12;0.00054407
07/01/2014;147.2;0.000543774
08/01/2014;147.28;0.000543478
09/01/2014;147.36;0.000543183
10/01/2014;147.44;0.000542888
11/01/2014;147.53;0.000610418
12/01/2014;147.61;0.000542263
13/01/2014;147.69;0.000541969
14/01/2014;147.77;0.000541675
15/01/2014;147.85;0.000541382
16/01/2014;147.94;0.000608725
17/01/2014;148.02;0.00054076
18/01/2014;148.1;0.000540468
19/01/2014;148.18;0.000540176
20/01/2014;148.26;0.000539884
21/01/2014;148.35;0.000607042
22/01/2014;148.43;0.000539265
23/01/2014;148.51;0.000538975
24/01/2014;148.59;0.000538684
25/01/2014;148.67;0.000538394
26/01/2014;148.76;0.000605368
27/01/2014;148.84;0.000537779
28/01/2014;148.92;0.00053749
29/01/2014;149;0.000537201
30/01/2014;149.09;0.000604027
31/01/2014;149.17;0.000536589
01/02/2014;149.28;0.000737414
02/02/2014;149.39;0.00073687
03/02/2014;149.51;0.000803267
04/02/2014;149.62;0.000735737
05/02/2014;149.73;0.000735196
06/02/2014;149.84;0.000734656
07/02/2014;149.96;0.000800854
08/02/2014;150.07;0.000733529
09/02/2014;150.18;0.000732991
10/02/2014;150.29;0.000732454
11/02/2014;150.41;0.000798456
12/02/2014;150.52;0.000731334
13/02/2014;150.63;0.0007308
14/02/2014;150.75;0.000796654
15/02/2014;150.86;0.000729685
16/02/2014;150.97;0.000729153
17/02/2014;151.08;0.000728622
18/02/2014;151.2;0.000794281
19/02/2014;151.31;0.000727513
20/02/2014;151.43;0.000793074
21/02/2014;151.54;0.000726408
22/02/2014;151.65;0.000725881
23/02/2014;151.77;0.000791296
24/02/2014;151.88;0.000724781
25/02/2014;151.99;0.000724256
26/02/2014;152.11;0.000789526
27/02/2014;152.22;0.000723161
28/02/2014;152.34;0.000788333
01/03/2014;152.48;0.000918997
02/03/2014;152.62;0.000918153
03/03/2014;152.76;0.000917311
04/03/2014;152.9;0.00091647
05/03/2014;153.04;0.000915631
06/03/2014;153.18;0.000914794
07/03/2014;153.32;0.000913957
08/03/2014;153.47;0.000978346
09/03/2014;153.61;0.00091223
10/03/2014;153.75;0.000911399
11/03/2014;153.89;0.000910569
12/03/2014;154.03;0.000909741
13/03/2014;154.18;0.000973836
14/03/2014;154.32;0.00090803
15/03/2014;154.46;0.000907206
16/03/2014;154.6;0.000906384
17/03/2014;154.75;0.000970246
18/03/2014;154.89;0.000904685
19/03/2014;155.03;0.000903867
20/03/2014;155.18;0.000967555
21/03/2014;155.32;0.000902178
22/03/2014;155.46;0.000901365
23/03/2014;155.61;0.000964878
24/03/2014;155.75;0.000899685
25/03/2014;155.89;0.000898876
26/03/2014;156.04;0.000962217
27/03/2014;156.18;0.000897206
28/03/2014;156.33;0.00096043
29/03/2014;156.47;0.000895541
30/03/2014;156.62;0.00095865
31/03/2014;156.76;0.000893883
01/04/2014;157.01;0.001594795
02/04/2014;157.27;0.001655945
03/04/2014;157.52;0.001589623
04/04/2014;157.77;0.0015871
05/04/2014;158.03;0.001647969
06/04/2014;158.28;0.001581978
07/04/2014;158.54;0.001642659
08/04/2014;158.79;0.001576889
09/04/2014;159.05;0.001637383
10/04/2014;159.31;0.001634706
11/04/2014;159.56;0.001569267
12/04/2014;159.82;0.001629481
13/04/2014;160.08;0.00162683
14/04/2014;160.33;0.001561719
15/04/2014;160.59;0.001621655
16/04/2014;160.85;0.00161903
17/04/2014;161.11;0.001616413
18/04/2014;161.37;0.001613804
19/04/2014;161.63;0.001611204
20/04/2014;161.89;0.001608612
21/04/2014;162.15;0.001606029
22/04/2014;162.41;0.001603454
23/04/2014;162.68;0.001662459
24/04/2014;162.94;0.00159823
25/04/2014;163.2;0.001595679
26/04/2014;163.46;0.001593137
27/04/2014;163.73;0.00165178
28/04/2014;163.99;0.00158798
29/04/2014;164.26;0.001646442
30/04/2014;164.52;0.001582856
01/05/2014;164.68;0.000972526
02/05/2014;164.85;0.001032305
03/05/2014;165.01;0.000970579
04/05/2014;165.18;0.001030241
05/05/2014;165.34;0.00096864
06/05/2014;165.51;0.001028184
07/05/2014;165.67;0.000966709
08/05/2014;165.84;0.001026136
09/05/2014;166;0.000964785
10/05/2014;166.17;0.001024096
11/05/2014;166.33;0.000962869
12/05/2014;166.5;0.001022065
13/05/2014;166.66;0.000960961
14/05/2014;166.83;0.001020041
15/05/2014;167;0.001019001
16/05/2014;167.16;0.000958084
17/05/2014;167.33;0.00101699
18/05/2014;167.5;0.001015956
19/05/2014;167.66;0.000955224
20/05/2014;167.83;0.001013957
21/05/2014;168;0.00101293
22/05/2014;168.17;0.001011905
23/05/2014;168.33;0.000951418
24/05/2014;168.5;0.001009921
25/05/2014;168.67;0.001008902
26/05/2014;168.84;0.001007885
27/05/2014;169.01;0.00100687
28/05/2014;169.17;0.00094669
29/05/2014;169.34;0.001004906
30/05/2014;169.51;0.001003897
31/05/2014;169.68;0.001002891
01/06/2014;169.85;0.001001886
02/06/2014;170.01;0.000942008
03/06/2014;170.18;0.000999941
04/06/2014;170.35;0.000998942
05/06/2014;170.52;0.000997945
06/06/2014;170.69;0.000996951
07/06/2014;170.85;0.000937372
08/06/2014;171.02;0.000995025
09/06/2014;171.19;0.000994036
10/06/2014;171.36;0.000993049
11/06/2014;171.53;0.000992063
12/06/2014;171.7;0.00099108
13/06/2014;171.87;0.000990099
14/06/2014;172.04;0.00098912
15/06/2014;172.21;0.000988142
16/06/2014;172.38;0.000987167
17/06/2014;172.55;0.000986193
18/06/2014;172.72;0.000985222
19/06/2014;172.89;0.000984252
20/06/2014;173.06;0.000983284
21/06/2014;173.23;0.000982318
22/06/2014;173.4;0.000981354
23/06/2014;173.57;0.000980392
24/06/2014;173.74;0.000979432
25/06/2014;173.91;0.000978474
26/06/2014;174.08;0.000977517
27/06/2014;174.25;0.000976563
28/06/2014;174.43;0.001032999
29/06/2014;174.6;0.000974603
30/06/2014;174.77;0.000973654
01/07/2014;174.96;0.001087143
02/07/2014;175.15;0.001085963
03/07/2014;175.34;0.001084784
04/07/2014;175.53;0.001083609
05/07/2014;175.72;0.001082436
06/07/2014;175.91;0.001081266
07/07/2014;176.1;0.001080098
08/07/2014;176.3;0.001135718
09/07/2014;176.49;0.001077708
10/07/2014;176.68;0.001076548
11/07/2014;176.87;0.001075391
12/07/2014;177.06;0.001074235
13/07/2014;177.26;0.001129561
14/07/2014;177.45;0.001071872
15/07/2014;177.64;0.001070724
16/07/2014;177.84;0.001125873
17/07/2014;178.03;0.001068376
18/07/2014;178.22;0.001067236
19/07/2014;178.42;0.001122209
20/07/2014;178.61;0.001064903
21/07/2014;178.81;0.001119758
22/07/2014;179;0.00106258
23/07/2014;179.19;0.001061453
24/07/2014;179.39;0.001116134
25/07/2014;179.58;0.001059145
26/07/2014;179.78;0.00111371
27/07/2014;179.98;0.001112471
28/07/2014;180.17;0.001055673
29/07/2014;180.37;0.001110063
30/07/2014;180.56;0.00105339
31/07/2014;180.76;0.001107665
01/08/2014;180.89;0.000719186
02/08/2014;181.02;0.000718669
03/08/2014;181.16;0.000773395
04/08/2014;181.29;0.000717598
05/08/2014;181.42;0.000717083
06/08/2014;181.55;0.000716569
07/08/2014;181.68;0.000716056
08/08/2014;181.82;0.000770586
09/08/2014;181.95;0.000714993
10/08/2014;182.08;0.000714482
11/08/2014;182.21;0.000713972
12/08/2014;182.35;0.000768344
13/08/2014;182.48;0.000712915
14/08/2014;182.61;0.000712407
15/08/2014;182.75;0.000766661
16/08/2014;182.88;0.000711354
17/08/2014;183.01;0.000710849
18/08/2014;183.15;0.000764986
19/08/2014;183.28;0.000709801
20/08/2014;183.41;0.000709297
21/08/2014;183.55;0.000763317
22/08/2014;183.68;0.000708254
23/08/2014;183.82;0.000762195
24/08/2014;183.95;0.000707214
25/08/2014;184.08;0.000706714
26/08/2014;184.22;0.000760539
27/08/2014;184.35;0.000705678
28/08/2014;184.49;0.000759425
29/08/2014;184.62;0.000704645
30/08/2014;184.76;0.000758314
31/08/2014;184.89;0.000703616
01/09/2014;184.99;0.000540862
02/09/2014;185.09;0.00054057
03/09/2014;185.2;0.000594305
04/09/2014;185.3;0.000539957
05/09/2014;185.4;0.000539665
06/09/2014;185.5;0.000539374
07/09/2014;185.61;0.000592992
08/09/2014;185.71;0.000538764
09/09/2014;185.81;0.000538474
10/09/2014;185.91;0.000538184
11/09/2014;186.02;0.000591684
12/09/2014;186.12;0.000537577
13/09/2014;186.22;0.000537288
14/09/2014;186.33;0.000590699
15/09/2014;186.43;0.000536682
16/09/2014;186.53;0.000536394
17/09/2014;186.63;0.000536107
18/09/2014;186.74;0.000589401
19/09/2014;186.84;0.000535504
20/09/2014;186.94;0.000535217
21/09/2014;187.05;0.000588424
22/09/2014;187.15;0.000534616
23/09/2014;187.25;0.000534331
24/09/2014;187.36;0.00058745
25/09/2014;187.46;0.000533732
26/09/2014;187.57;0.000586792
27/09/2014;187.67;0.000533134
28/09/2014;187.77;0.00053285
29/09/2014;187.88;0.000585823
30/09/2014;187.98;0.000532255
01/10/2014;188.07;0.000478774
02/10/2014;188.17;0.000531717
03/10/2014;188.26;0.000478291
04/10/2014;188.36;0.00053118
05/10/2014;188.45;0.000477808
06/10/2014;188.55;0.000530645
07/10/2014;188.64;0.000477327
08/10/2014;188.73;0.000477099
09/10/2014;188.83;0.000529857
10/10/2014;188.92;0.000476619
11/10/2014;189.02;0.000529325
12/10/2014;189.11;0.00047614
13/10/2014;189.21;0.000528793
14/10/2014;189.3;0.000475662
15/10/2014;189.4;0.000528262
16/10/2014;189.49;0.000475185
17/10/2014;189.59;0.000527732
18/10/2014;189.68;0.000474709
19/10/2014;189.78;0.000527204
20/10/2014;189.87;0.000474233
21/10/2014;189.97;0.000526676
22/10/2014;190.06;0.000473759
23/10/2014;190.16;0.00052615
24/10/2014;190.25;0.000473286
25/10/2014;190.35;0.000525624
26/10/2014;190.44;0.000472813
27/10/2014;190.54;0.0005251
28/10/2014;190.63;0.000472342
29/10/2014;190.73;0.000524576
30/10/2014;190.82;0.000471871
31/10/2014;190.92;0.000524054
01/11/2014;191.02;0.00052378
02/11/2014;191.13;0.000575856
03/11/2014;191.23;0.000523204
04/11/2014;191.33;0.000522931
05/11/2014;191.44;0.000574923
06/11/2014;191.54;0.000522357
07/11/2014;191.64;0.000522084
08/11/2014;191.75;0.000573993
09/11/2014;191.85;0.000521512
10/11/2014;191.95;0.000521241
11/11/2014;192.06;0.000573066
12/11/2014;192.16;0.000520671
13/11/2014;192.27;0.00057244
14/11/2014;192.37;0.000520102
15/11/2014;192.47;0.000519832
16/11/2014;192.58;0.000571518
17/11/2014;192.68;0.000519265
18/11/2014;192.79;0.000570895
19/11/2014;192.89;0.000518699
20/11/2014;192.99;0.00051843
21/11/2014;193.1;0.000569978
22/11/2014;193.2;0.000517866
23/11/2014;193.31;0.000569358
24/11/2014;193.41;0.000517304
25/11/2014;193.52;0.00056874
26/11/2014;193.62;0.000516742
27/11/2014;193.73;0.000568123
28/11/2014;193.83;0.000516182
29/11/2014;193.94;0.000567508
30/11/2014;194.04;0.000515623
01/12/2014;194.1;0.000309215
02/12/2014;194.17;0.000360639
03/12/2014;194.23;0.000309008
04/12/2014;194.29;0.000308912
05/12/2014;194.35;0.000308817
06/12/2014;194.42;0.000360175
07/12/2014;194.48;0.00030861
08/12/2014;194.54;0.000308515
09/12/2014;194.61;0.000359823
10/12/2014;194.67;0.000308309
11/12/2014;194.73;0.000308214
12/12/2014;194.79;0.000308119
13/12/2014;194.86;0.000359361
14/12/2014;194.92;0.000307913
15/12/2014;194.98;0.000307819
16/12/2014;195.05;0.000359011
17/12/2014;195.11;0.000307613
18/12/2014;195.17;0.000307519
19/12/2014;195.24;0.000358662
20/12/2014;195.3;0.000307314
21/12/2014;195.36;0.00030722
22/12/2014;195.42;0.000307125
23/12/2014;195.49;0.000358203
24/12/2014;195.55;0.000306921
25/12/2014;195.61;0.000306827
26/12/2014;195.68;0.000357855
27/12/2014;195.74;0.000306623
28/12/2014;195.8;0.000306529
29/12/2014;195.87;0.000357508
30/12/2014;195.93;0.000306326
31/12/2014;195.99;0.000306232
01/01/2015;196.12;0.000663299
02/01/2015;196.24;0.00061187
03/01/2015;196.36;0.000611496
04/01/2015;196.48;0.000611122
05/01/2015;196.61;0.000661645
06/01/2015;196.73;0.000610345
07/01/2015;196.85;0.000609973
08/01/2015;196.98;0.000660401
09/01/2015;197.1;0.000609199
10/01/2015;197.22;0.000608828
11/01/2015;197.35;0.000659162
12/01/2015;197.47;0.000608057
13/01/2015;197.59;0.000607687
14/01/2015;197.72;0.000657928
15/01/2015;197.84;0.000606919
16/01/2015;197.96;0.000606551
17/01/2015;198.09;0.000656698
18/01/2015;198.21;0.000605785
19/01/2015;198.34;0.00065587
20/01/2015;198.46;0.000605022
21/01/2015;198.58;0.000604656
22/01/2015;198.71;0.000654648
23/01/2015;198.83;0.000603895
24/01/2015;198.96;0.000653825
25/01/2015;199.08;0.000603136
26/01/2015;199.21;0.000653004
27/01/2015;199.33;0.000602379
28/01/2015;199.46;0.000652185
29/01/2015;199.58;0.000601624
30/01/2015;199.71;0.000651368
31/01/2015;199.83;0.000600871
01/02/2015;199.9;0.000350298
02/02/2015;199.96;0.00030015
03/02/2015;200.03;0.00035007
04/02/2015;200.09;0.000299955
05/02/2015;200.16;0.000349843
06/02/2015;200.22;0.00029976
07/02/2015;200.29;0.000349615
08/02/2015;200.35;0.000299566
09/02/2015;200.42;0.000349389
10/02/2015;200.48;0.000299371
11/02/2015;200.55;0.000349162
12/02/2015;200.61;0.000299177
13/02/2015;200.68;0.000348936
14/02/2015;200.74;0.000298983
15/02/2015;200.81;0.00034871
16/02/2015;200.87;0.00029879
17/02/2015;200.94;0.000348484
18/02/2015;201;0.000298597
19/02/2015;201.07;0.000348259
20/02/2015;201.14;0.000348137
21/02/2015;201.2;0.0002983
22/02/2015;201.27;0.000347913
23/02/2015;201.33;0.000298107
24/02/2015;201.4;0.000347688
25/02/2015;201.46;0.000297915
26/02/2015;201.53;0.000347464
27/02/2015;201.59;0.000297722
28/02/2015;201.66;0.000347239
01/03/2015;201.86;0.000991768
02/03/2015;202.07;0.001040325
03/03/2015;202.27;0.000989756
04/03/2015;202.47;0.000988777
05/03/2015;202.68;0.001037191
06/03/2015;202.88;0.000986777
07/03/2015;203.08;0.000985804
08/03/2015;203.29;0.001034075
09/03/2015;203.49;0.000983816
10/03/2015;203.7;0.001031992
11/03/2015;203.9;0.000981836
12/03/2015;204.11;0.001029917
13/03/2015;204.31;0.000979864
14/03/2015;204.52;0.00102785
15/03/2015;204.72;0.000977899
16/03/2015;204.93;0.001025791
17/03/2015;205.13;0.000975943
18/03/2015;205.34;0.001023741
19/03/2015;205.55;0.001022694
20/03/2015;205.75;0.000972999
21/03/2015;205.96;0.001020656
22/03/2015;206.17;0.001019615
23/03/2015;206.37;0.000970073
24/03/2015;206.58;0.00101759
25/03/2015;206.79;0.001016555
26/03/2015;207;0.001015523
27/03/2015;207.21;0.001014493
28/03/2015;207.41;0.000965204
29/03/2015;207.62;0.001012487
30/03/2015;207.83;0.001011463
31/03/2015;208.04;0.001010441
01/04/2015;208.14;0.000480677
02/04/2015;208.23;0.000432401
03/04/2015;208.33;0.000480238
04/04/2015;208.42;0.000432007
05/04/2015;208.52;0.0004798
06/04/2015;208.61;0.000431613
07/04/2015;208.71;0.000479363
08/04/2015;208.8;0.00043122
09/04/2015;208.9;0.000478927
10/04/2015;209;0.000478698
11/04/2015;209.09;0.000430622
12/04/2015;209.19;0.000478263
13/04/2015;209.28;0.000430231
14/04/2015;209.38;0.000477829
15/04/2015;209.48;0.000477601
16/04/2015;209.57;0.000429635
17/04/2015;209.67;0.000477168
18/04/2015;209.76;0.000429246
19/04/2015;209.86;0.000476735
20/04/2015;209.96;0.000476508
21/04/2015;210.05;0.000428653
22/04/2015;210.15;0.000476077
23/04/2015;210.24;0.000428266
24/04/2015;210.34;0.000475647
25/04/2015;210.44;0.000475421
26/04/2015;210.53;0.000427675
27/04/2015;210.63;0.000474992
28/04/2015;210.73;0.000474766
29/04/2015;210.82;0.000427087
30/04/2015;210.92;0.000474338
01/05/2015;211.12;0.000948227
02/05/2015;211.31;0.000899962
03/05/2015;211.51;0.000946477
04/05/2015;211.7;0.000898303
05/05/2015;211.9;0.000944733
06/05/2015;212.09;0.000896649
07/05/2015;212.29;0.000942996
08/05/2015;212.49;0.000942107
09/05/2015;212.68;0.00089416
10/05/2015;212.88;0.00094038
11/05/2015;213.08;0.000939496
12/05/2015;213.27;0.000891684
13/05/2015;213.47;0.000937778
14/05/2015;213.67;0.0009369
15/05/2015;213.86;0.000889222
16/05/2015;214.06;0.000935191
17/05/2015;214.26;0.000934317
18/05/2015;214.46;0.000933445
19/05/2015;214.66;0.000932575
20/05/2015;214.85;0.000885121
21/05/2015;215.05;0.000930882
22/05/2015;215.25;0.000930016
23/05/2015;215.45;0.000929152
24/05/2015;215.65;0.00092829
25/05/2015;215.85;0.000927429
26/05/2015;216.05;0.000926569
27/05/2015;216.25;0.000925712
28/05/2015;216.45;0.000924855
29/05/2015;216.65;0.000924001
30/05/2015;216.85;0.000923148
31/05/2015;217.05;0.000922297
01/06/2015;217.33;0.001290025
02/06/2015;217.61;0.001288363
03/06/2015;217.89;0.001286706
04/06/2015;218.16;0.001239157
05/06/2015;218.44;0.001283462
06/06/2015;218.72;0.001281817
07/06/2015;219;0.001280176
08/06/2015;219.28;0.001278539
09/06/2015;219.57;0.00132251
10/06/2015;219.85;0.00127522
11/06/2015;220.13;0.001273596
12/06/2015;220.41;0.001271976
13/06/2015;220.69;0.00127036
14/06/2015;220.98;0.00131406
15/06/2015;221.26;0.001267083
16/06/2015;221.54;0.00126548
17/06/2015;221.83;0.001309019
18/06/2015;222.11;0.001262228
19/06/2015;222.4;0.001305659
20/06/2015;222.68;0.001258993
21/06/2015;222.97;0.001302317
22/06/2015;223.25;0.001255774
23/06/2015;223.54;0.001298992
24/06/2015;223.82;0.001252572
25/06/2015;224.11;0.001295684
26/06/2015;224.4;0.001294007
27/06/2015;224.69;0.001292335
28/06/2015;224.97;0.001246161
29/06/2015;225.26;0.001289061
30/06/2015;225.55;0.001287401
01/07/2015;225.8;0.001108402
02/07/2015;226.05;0.001107174
03/07/2015;226.31;0.001150188
04/07/2015;226.56;0.001104679
05/07/2015;226.81;0.00110346
06/07/2015;227.07;0.001146334
07/07/2015;227.32;0.001100982
08/07/2015;227.57;0.001099771
09/07/2015;227.83;0.001142506
10/07/2015;228.08;0.001097309
11/07/2015;228.34;0.001139951
12/07/2015;228.59;0.001094859
13/07/2015;228.85;0.001137408
14/07/2015;229.1;0.001092419
15/07/2015;229.36;0.001134876
16/07/2015;229.61;0.00108999
17/07/2015;229.87;0.001132355
18/07/2015;230.13;0.001131074
19/07/2015;230.38;0.001086343
20/07/2015;230.64;0.00112857
21/07/2015;230.9;0.001127298
22/07/2015;231.16;0.001126029
23/07/2015;231.41;0.001081502
24/07/2015;231.67;0.001123547
25/07/2015;231.93;0.001122286
26/07/2015;232.19;0.001121028
27/07/2015;232.45;0.001119773
28/07/2015;232.71;0.00111852
29/07/2015;232.97;0.00111727
30/07/2015;233.23;0.001116024
31/07/2015;233.49;0.001114779
01/08/2015;233.69;0.000856568
02/08/2015;233.88;0.000813043
03/08/2015;234.08;0.000855139
04/08/2015;234.28;0.000854409
05/08/2015;234.47;0.000810995
06/08/2015;234.67;0.000852988
07/08/2015;234.87;0.000852261
08/08/2015;235.06;0.000808958
09/08/2015;235.26;0.000850847
10/08/2015;235.46;0.000850123
11/08/2015;235.66;0.000849401
12/08/2015;235.86;0.00084868
13/08/2015;236.05;0.000805563
14/08/2015;236.25;0.000847278
15/08/2015;236.45;0.000846561
16/08/2015;236.65;0.000845845
17/08/2015;236.85;0.00084513
18/08/2015;237.05;0.000844416
19/08/2015;237.25;0.000843704
20/08/2015;237.45;0.000842993
21/08/2015;237.65;0.000842283
22/08/2015;237.85;0.000841574
23/08/2015;238.04;0.000798823
24/08/2015;238.24;0.000840195
25/08/2015;238.45;0.000881464
26/08/2015;238.65;0.00083875
27/08/2015;238.85;0.000838047
28/08/2015;239.05;0.000837346
29/08/2015;239.25;0.000836645
30/08/2015;239.45;0.000835946
31/08/2015;239.65;0.000835247
01/09/2015;239.79;0.000584185
02/09/2015;239.94;0.000625547
03/09/2015;240.08;0.000583479
04/09/2015;240.23;0.000624792
05/09/2015;240.37;0.000582775
06/09/2015;240.52;0.000624038
07/09/2015;240.66;0.000582072
08/09/2015;240.81;0.000623286
09/09/2015;240.95;0.000581371
10/09/2015;241.1;0.000622536
11/09/2015;241.24;0.000580672
12/09/2015;241.39;0.000621787
13/09/2015;241.53;0.000579974
14/09/2015;241.68;0.000621041
15/09/2015;241.83;0.000620655
16/09/2015;241.97;0.000578919
17/09/2015;242.12;0.000619912
18/09/2015;242.26;0.000578226
19/09/2015;242.41;0.000619169
20/09/2015;242.55;0.000577534
21/09/2015;242.7;0.000618429
22/09/2015;242.85;0.000618047
23/09/2015;242.99;0.000576488
24/09/2015;243.14;0.000617309
25/09/2015;243.29;0.000616929
26/09/2015;243.43;0.000575445
27/09/2015;243.58;0.000616194
28/09/2015;243.73;0.000615814
29/09/2015;243.87;0.000574406
30/09/2015;244.02;0.000615082
01/10/2015;244.12;0.000409802
02/10/2015;244.22;0.000409635
03/10/2015;244.32;0.000409467
04/10/2015;244.42;0.000409299
05/10/2015;244.51;0.000368219
06/10/2015;244.61;0.000408981
07/10/2015;244.71;0.000408814
08/10/2015;244.81;0.000408647
09/10/2015;244.91;0.00040848
10/10/2015;245.01;0.000408313
11/10/2015;245.11;0.000408147
12/10/2015;245.21;0.00040798
13/10/2015;245.31;0.000407814
14/10/2015;245.41;0.000407647
15/10/2015;245.51;0.000407481
16/10/2015;245.6;0.000366584
17/10/2015;245.7;0.000407166
18/10/2015;245.8;0.000407
19/10/2015;245.9;0.000406835
20/10/2015;246;0.000406669
21/10/2015;246.1;0.000406504
22/10/2015;246.2;0.000406339
23/10/2015;246.3;0.000406174
24/10/2015;246.4;0.000406009
25/10/2015;246.5;0.000405844
26/10/2015;246.6;0.00040568
27/10/2015;246.7;0.000405515
28/10/2015;246.8;0.000405351
29/10/2015;246.9;0.000405186
30/10/2015;247;0.000405022
31/10/2015;247;0
01/11/2015;247.1784028;0.000722279
02/11/2015;247.3569345;0.000722279
03/11/2015;247.5355951;0.000722279
04/11/2015;247.7143848;0.000722279
05/11/2015;247.8933036;0.000722279
06/11/2015;248.0723516;0.000722278
07/11/2015;248.251529;0.000722279
08/11/2015;248.4308358;0.000722279
09/11/2015;248.610272;0.000722278
10/11/2015;248.7898379;0.000722279
11/11/2015;248.9695335;0.000722279
12/11/2015;249.1493589;0.000722279
13/11/2015;249.3293141;0.000722278
14/11/2015;249.5093994;0.000722279
15/11/2015;249.6896147;0.000722279
16/11/2015;249.8699602;0.000722279
17/11/2015;250.0504359;0.000722278
18/11/2015;250.231042;0.000722279
19/11/2015;250.4117785;0.000722278
20/11/2015;250.5926456;0.000722279
21/11/2015;250.7736433;0.000722279
22/11/2015;250.9547717;0.000722278
23/11/2015;251.136031;0.000722279
24/11/2015;251.3174212;0.000722279
25/11/2015;251.4989424;0.000722279
26/11/2015;251.6805947;0.000722279
27/11/2015;251.8623782;0.000722279
28/11/2015;252.044293;0.000722279
29/11/2015;252.2263392;0.000722279
30/11/2015;252.3558265;0.000513377
01/12/2015;252.4853803;0.000513377
02/12/2015;252.6150005;0.000513377
03/12/2015;252.7446873;0.000513377
04/12/2015;252.8744407;0.000513377
05/12/2015;253.0042607;0.000513377
06/12/2015;253.1341473;0.000513377
07/12/2015;253.2641007;0.000513378
08/12/2015;253.3941207;0.000513377
09/12/2015;253.5242075;0.000513377
10/12/2015;253.654361;0.000513377
11/12/2015;253.7845814;0.000513377
12/12/2015;253.9148687;0.000513378
13/12/2015;254.0452228;0.000513377
14/12/2015;254.1756438;0.000513377
15/12/2015;254.3061318;0.000513377
16/12/2015;254.4366868;0.000513377
17/12/2015;254.5673089;0.000513378
18/12/2015;254.6979979;0.000513377
19/12/2015;254.8287541;0.000513377
20/12/2015;254.9595774;0.000513377
21/12/2015;255.0904678;0.000513377
22/12/2015;255.2214255;0.000513377
23/12/2015;255.3524504;0.000513377
24/12/2015;255.4835425;0.000513377
25/12/2015;255.614702;0.000513377
26/12/2015;255.7459288;0.000513377
27/12/2015;255.8772229;0.000513377
28/12/2015;256.0085845;0.000513377
29/12/2015;256.1400135;0.000513377
30/12/2015;256.2715099;0.000513377
31/12/2015;256.3873064;0.000451851
01/01/2016;256.5031552;0.000451851
02/01/2016;256.6190564;0.000451851
03/01/2016;256.7350099;0.000451851
04/01/2016;256.8510158;0.000451851
05/01/2016;256.9670742;0.000451851
06/01/2016;257.083185;0.000451851
07/01/2016;257.1993482;0.000451851
08/01/2016;257.3155639;0.000451851
09/01/2016;257.4318322;0.000451851
10/01/2016;257.548153;0.000451851
11/01/2016;257.6645263;0.000451851
12/01/2016;257.7809522;0.000451851
13/01/2016;257.8974308;0.000451851
14/01/2016;258.0139619;0.000451851
15/01/2016;258.1305458;0.000451851
16/01/2016;258.2471823;0.000451851
17/01/2016;258.3638715;0.000451851
18/01/2016;258.4806134;0.000451851
19/01/2016;258.5974081;0.000451851
20/01/2016;258.7142555;0.000451851
21/01/2016;258.8311558;0.000451851
22/01/2016;258.9481088;0.000451851
23/01/2016;259.0651147;0.000451851
24/01/2016;259.1821735;0.000451851
25/01/2016;259.2992852;0.000451851
26/01/2016;259.4164498;0.000451851
27/01/2016;259.5336673;0.000451851
28/01/2016;259.6509378;0.000451851
29/01/2016;259.7682613;0.000451851
30/01/2016;259.8856378;0.000451851
31/01/2016;260.0037911;0.000454636
01/02/2016;260.121998;0.000454635
02/02/2016;260.2402587;0.000454636
03/02/2016;260.3585732;0.000454636
04/02/2016;260.4769414;0.000454635
05/02/2016;260.5953635;0.000454636
06/02/2016;260.7138394;0.000454635
07/02/2016;260.8323691;0.000454635
08/02/2016;260.9509528;0.000454636
09/02/2016;261.0695903;0.000454635
10/02/2016;261.1882818;0.000454635
11/02/2016;261.3070273;0.000454636
12/02/2016;261.4258267;0.000454635
13/02/2016;261.5446802;0.000454636
14/02/2016;261.6635877;0.000454636
15/02/2016;261.7825492;0.000454635
16/02/2016;261.9015649;0.000454636
17/02/2016;262.0206346;0.000454635
18/02/2016;262.1397585;0.000454636
19/02/2016;262.2589365;0.000454635
20/02/2016;262.3781688;0.000454636
21/02/2016;262.4974552;0.000454635
22/02/2016;262.6167958;0.000454635
23/02/2016;262.7361908;0.000454636
24/02/2016;262.85564;0.000454636
25/02/2016;262.9751435;0.000454635
26/02/2016;263.0947013;0.000454635
27/02/2016;263.2143135;0.000454636
28/02/2016;263.33398;0.000454635
29/02/2016;263.5973857;0.001000272
01/03/2016;263.8610548;0.001000272
02/03/2016;264.1249876;0.001000272
03/03/2016;264.3891844;0.001000272
04/03/2016;264.6536456;0.001000272
05/03/2016;264.9183712;0.001000272
06/03/2016;265.1833616;0.001000272
07/03/2016;265.4486172;0.001000272
08/03/2016;265.714138;0.001000272
09/03/2016;265.9799244;0.001000272
10/03/2016;266.2459767;0.001000272
11/03/2016;266.5122951;0.001000272
12/03/2016;266.7788799;0.001000272
13/03/2016;267.0457314;0.001000272
14/03/2016;267.3128498;0.001000272
15/03/2016;267.5802353;0.001000272
16/03/2016;267.8478884;0.001000272
17/03/2016;268.1158091;0.001000272
18/03/2016;268.3839979;0.001000272
19/03/2016;268.6524549;0.001000272
20/03/2016;268.9211804;0.001000272
21/03/2016;269.1901748;0.001000272
22/03/2016;269.4594382;0.001000272
23/03/2016;269.7289709;0.001000272
24/03/2016;269.9987733;0.001000272
25/03/2016;270.2688455;0.001000272
26/03/2016;270.5391879;0.001000272
27/03/2016;270.8098007;0.001000272
28/03/2016;271.0806841;0.001000272
29/03/2016;271.3518386;0.001000272
30/03/2016;271.6232642;0.001000272
31/03/2016;271.9895803;0.001348618
01/04/2016;272.3563905;0.001348619
02/04/2016;272.7236953;0.001348618
03/04/2016;273.0914955;0.001348618
04/04/2016;273.4597917;0.001348618
05/04/2016;273.8285846;0.001348618
06/04/2016;274.1978748;0.001348618
07/04/2016;274.5676631;0.001348618
08/04/2016;274.9379501;0.001348618
09/04/2016;275.3087365;0.001348618
10/04/2016;275.6800229;0.001348618
11/04/2016;276.05181;0.001348618
12/04/2016;276.4240985;0.001348618
13/04/2016;276.7968892;0.001348619
14/04/2016;277.1701825;0.001348618
15/04/2016;277.5439793;0.001348618
16/04/2016;277.9182802;0.001348618
17/04/2016;278.2930859;0.001348618
18/04/2016;278.6683971;0.001348618
19/04/2016;279.0442144;0.001348618
20/04/2016;279.4205385;0.001348618
21/04/2016;279.7973702;0.001348618
22/04/2016;280.17471;0.001348618
23/04/2016;280.5525588;0.001348619
24/04/2016;280.9309171;0.001348618
25/04/2016;281.3097857;0.001348618
26/04/2016;281.6891652;0.001348618
27/04/2016;282.0690564;0.001348618
28/04/2016;282.4494599;0.001348618
29/04/2016;282.8303765;0.001348619
30/04/2016;283.128313;0.001053411
01/05/2016;283.4265634;0.001053411
02/05/2016;283.7251279;0.00105341
03/05/2016;284.024007;0.001053411
04/05/2016;284.3232009;0.001053411
05/05/2016;284.62271;0.001053411
06/05/2016;284.9225346;0.001053411
07/05/2016;285.222675;0.001053411
08/05/2016;285.5231317;0.001053411
09/05/2016;285.8239048;0.001053411
10/05/2016;286.1249947;0.00105341
11/05/2016;286.4264018;0.001053411
12/05/2016;286.7281265;0.001053411
13/05/2016;287.0301689;0.00105341
14/05/2016;287.3325296;0.001053411
15/05/2016;287.6352087;0.00105341
16/05/2016;287.9382067;0.001053411
17/05/2016;288.2415239;0.001053411
18/05/2016;288.5451606;0.001053411
19/05/2016;288.8491171;0.00105341
20/05/2016;289.1533939;0.001053411
21/05/2016;289.4579911;0.00105341
22/05/2016;289.7629093;0.001053411
23/05/2016;290.0681486;0.001053411
24/05/2016;290.3737095;0.001053411
25/05/2016;290.6795922;0.00105341
26/05/2016;290.9857972;0.001053411
27/05/2016;291.2923248;0.001053411
28/05/2016;291.5991752;0.001053411
29/05/2016;291.9063489;0.001053411
30/05/2016;292.2138461;0.00105341
31/05/2016;292.4000067;0.00063707
01/06/2016;292.5862858;0.000637069
02/06/2016;292.7726836;0.00063707
03/06/2016;292.9592001;0.000637069
04/06/2016;293.1458354;0.000637069
05/06/2016;293.3325897;0.00063707
06/06/2016;293.5194629;0.000637069
07/06/2016;293.7064552;0.00063707
08/06/2016;293.8935666;0.000637069
09/06/2016;294.0807972;0.000637069
10/06/2016;294.2681471;0.000637069
11/06/2016;294.4556164;0.00063707
12/06/2016;294.643205;0.000637069
13/06/2016;294.8309132;0.00063707
14/06/2016;295.018741;0.00063707
15/06/2016;295.2066884;0.000637069
16/06/2016;295.3947556;0.00063707
17/06/2016;295.5829426;0.00063707
18/06/2016;295.7712494;0.000637069
19/06/2016;295.9596762;0.000637069
20/06/2016;296.1482231;0.00063707
21/06/2016;296.3368901;0.000637069
22/06/2016;296.5256773;0.00063707
23/06/2016;296.7145847;0.000637069
24/06/2016;296.9036125;0.000637069
25/06/2016;297.0927607;0.000637069
26/06/2016;297.2820295;0.00063707
27/06/2016;297.4714188;0.000637069
28/06/2016;297.6609287;0.000637069
29/06/2016;297.8505594;0.00063707
